ID,PW,NAME
admin,1234,관리자
hh2024060401,hyehwa60401,김철수
hh2024060402,hyehwa60402,김철수
hh2024060403,hyehwa60403,김철수
hh2024060404,hyehwa60404,김철수
hh2024060405,hyehwa60405,김철수
hh2024060406,hyehwa60406,김철수
hh2024060407,hyehwa60407,김철수
hh2024060408,hyehwa60408,김철수
hh2024060409,hyehwa60409,김철수
hh2024060451,hyehwa60451,김철수
hh2024060452,hyehwa60452,김철수
hh2024060453,hyehwa60453,김철수
hh2024060454,hyehwa60454,김철수
hh2024060455,hyehwa60455,김철수
hh2024060456,hyehwa60456,김철수
hh2024060457,hyehwa60457,김철수
hh2024060458,hyehwa60458,김철수
hh2024060459,hyehwa60459,김철수